name,base,min,max
hp,100,0,3.40282347e+38
max_hp,100,0,3.40282347e+38
armor,10,0,3.40282347e+38
